nft_name,nft_id,owner_address
Retro-EVO POSAT #261,nft1vmysqljf93vt888y3rsvtgh2e3p6m745z9xntt82svvh0sd0guaqyyxka5,xch1hrvwkz0cfwpzphszl07mztwpe6w0k5t3l9vhqrn5t29fcqu63duql6skkh
Retro-EVO POSAT #216,nft19efmfz2wnmcrrh4fnf925qplpejhe6xaqswc6px5cmkgfx382nlqllgwvv,xch18utnmnjshdqsmge3t4g5gnmsdff3al5gkejdtr598phxulghy8asamzngn
Retro-EVO POSAT #54,nft18mmh3a9yfrhsahkv9fg58mz2uw24fjg59rhqjcm5xrx53zctqljqm7rjp2,xch1v80ge9qmupu4yvggjfrj2qhj0up86uyeuyg9phnthvtze5c08lesj3hvc2
Retro-EVO POSAT #195,nft1az4j8hr9y7qynuxvqw85kk5ysz74s6c62jl5mm004ugdsqnxa5vsd33yyj,xch1akqjd3vp59g6306myy6r9w0aa5lxafkz34ky0nunur2m87je82lstj0vsz
Retro-EVO POSAT #103,nft1jpvzxvd7v7ardha6kkv0qz205ta97ayd5qwhgynv08txhzq0vswsep8huw,xch10g6dunp2gwtgcuytnrs4ndv3myvpj9cdc6f59fkzpx6u25wkm7wsf0r4ak
Retro-EVO POSAT #275,nft1n9l6jv6s5nqv89s4t6v7dg7fx9fnted3nu2skk0sx7frxn085nlqe9k66r,xch1x0vkl5yge5je0wjy3ygz2wnzpj56tuvyd9zckp422ha58ltv4srs37rlht
Retro-EVO POSAT #96,nft16h7l0853pmr8dq9j7vel0lxvwyeh7yl9rtggqujl2k820f764y8q5sgtzr,xch1pmsagwnpw65mce08nrahk8twxadhw8tft7h0xwg7vtkfmk2qpdnsnn25t0
Retro-EVO POSAT #263,nft186n4asv75mgn4lh9mlyuxmxlwa585avw3pqew2ehkld8wvjw8szqp0kzet,xch13rhm83xn4smrfkczdmdedwg8n2euha0cqc375ru35wlp7rgn0mxsscnd3x
Retro-EVO POSAT #257,nft17gg54esh3p9nq3cx6w8ywmruqm4n793x95j6jl4e73mzppt7u5dqd3a7ke,xch1n8qte2hls2egy8srmmru080ew5s98asjuxggpcg2u4elrtkl72jq9mdq0a
Retro-EVO POSAT #225,nft1e8gx5l9eyqrmvdgp33jxs7d7aec55p5w6qa54fv8zhtukt9qynes68sdfq,xch1hnxple5zgz3zmxed42fc9gv4g2a5n8mfhlpd8r9fewdmt2c3reysax265t
Retro-EVO POSAT #49,nft1rczus90u4jk24zw0al3t2h04rgrznjv0awndqejwtvjcha8camcqckzlts,xch1njk920lqejy82ea59f2kr9lcq9c09ajrac2wrlsf2qfl69vtykgqsj33xs
Retro-EVO POSAT #258,nft15c2cpdq7m6uyv7r8awnxmpuz84avrzcxydq9faa3axfplh0ful8s2tzjal,xch10ggv7dh8zsl8w6aeg2gp44wj92jldav7lzxf9ukcga57p8c8hnnqu3gstn
Proof of Synth and Time #23,nft1aqrl79s2d9ef6sewgnq2wa2697dwr32g7yq5hjgevukxq8z9wf4qj4ml6q,xch14vjrxukrh58c3ejlcdm38w7a2kszwa77gze27atsyd7utqw4mf7sg5mtdt
Proof of Synth and Time #19,nft1k36xcykfctyw9jgjgmsmw286kr23dswgxcfmws0kev8p826k9kxsfk9yxy,xch14vjrxukrh58c3ejlcdm38w7a2kszwa77gze27atsyd7utqw4mf7sg5mtdt
Proof of Synth and Time #12,nft1kr06d325yg307yslgj0r09xfzjlx8w57cjpen32ajk8knzs3wctq4lg98a,xch14vjrxukrh58c3ejlcdm38w7a2kszwa77gze27atsyd7utqw4mf7sg5mtdt
Proof of Synth and Time #10,nft1jyax82x5tygdsq56cs3vq9vyzvn4zykvl0zzjnq46cwam0ekufnsadmyv0,xch1dsacg5ff6lway8vpshfx7q0pc2spx6pmrp7d3h4x7g4gd0388rvswy4zah
Proof of Synth and Time #8,nft176rvrwva08s90ru0upu3jz8djxmvj2yue2f7q8zu9er8cj5ljz5qgutcf6,xch14vjrxukrh58c3ejlcdm38w7a2kszwa77gze27atsyd7utqw4mf7sg5mtdt
Proof of Synth and Time #4,nft1gmdyynzes9hrxytypy7l7q4j0nvef2wgp7hsvupl29jfgdfwlrkszvdecw,xch14vjrxukrh58c3ejlcdm38w7a2kszwa77gze27atsyd7utqw4mf7sg5mtdt
Proof of Synth and Time #50,nft1e2hlfpq9kfp6mvsvttjdu3dfcxea4wjv7h2d8azylfwakzseqmgq6t20ca,xch1eyr0fhfa2r8xg68p0n2fp43uekzze4vmgpmdftmyhj8qfkrpq4dqzh98m0
Proof of Synth and Time #47,nft1p3ctkqs30rheklrzdark5gz6z2g3sg0g0cl4ne77kaxxus9k3cfsdwajz2,xch1eyr0fhfa2r8xg68p0n2fp43uekzze4vmgpmdftmyhj8qfkrpq4dqzh98m0
Proof of Synth and Time #46,nft1n44rsk7rm765rkrjm0e0laqla9yrx7xj475s2zmqqqmrrl555ejs275259,xch1eyr0fhfa2r8xg68p0n2fp43uekzze4vmgpmdftmyhj8qfkrpq4dqzh98m0
Proof of Synth and Time #43,nft1lt0puxc963s5kjkk3k4007nswydcpff7jx427l50uhmf8a69cumqeaevut,xch1eyr0fhfa2r8xg68p0n2fp43uekzze4vmgpmdftmyhj8qfkrpq4dqzh98m0
Proof of Synth and Time #39,nft1etj0yg7xe4cx03rukzlwzvv45kuj70yla59fsurhq63l8lckuw9sfm3mfz,xch1eyr0fhfa2r8xg68p0n2fp43uekzze4vmgpmdftmyhj8qfkrpq4dqzh98m0
Proof of Synth and Time #37,nft159nasyzt7xljg74jfpql834ca68am207mlvpy5d5k8jcwvs0szqs0jmc6e,xch1eyr0fhfa2r8xg68p0n2fp43uekzze4vmgpmdftmyhj8qfkrpq4dqzh98m0
Proof of Synth and Time #35,nft1vs6eldmv56773p63kh33cn6m2sp72vcjl8twvpqzgzpk7y802lhq6v36ne,xch1eyr0fhfa2r8xg68p0n2fp43uekzze4vmgpmdftmyhj8qfkrpq4dqzh98m0
Proof of Synth and Time #34,nft17495uh9344nfug663khyta0ghmnnqrcqmavzlt7v7zwasurtq83qz9zgra,xch1eyr0fhfa2r8xg68p0n2fp43uekzze4vmgpmdftmyhj8qfkrpq4dqzh98m0
Proof of Synth and Time #33,nft1ykl7htrza8vxuulj7lqwz4a2tgxln50dnkwk2a999zugnjfu63ysp3xmt2,xch1789rf3wgdvfpvzct4g52uqufzrpu9ftxz2lustchj8fs6d235qwq6m39jr
Proof of Synth and Time #32,nft1vx4eq0002hu2n3js4hufqat9zy6wu6dm55swl04vk24nl2w0r8psf8sh4p,xch1eyr0fhfa2r8xg68p0n2fp43uekzze4vmgpmdftmyhj8qfkrpq4dqzh98m0
Proof of Synth and Time #26,nft1t9g2klm3vdvdy74zlqsddt8yr2cmf6v69gl8xm0y6h6kljfx3wms4tflsg,xch1eyr0fhfa2r8xg68p0n2fp43uekzze4vmgpmdftmyhj8qfkrpq4dqzh98m0
Proof of Synth and Time #75,nft1g07f8207mx3uugxvrjgu92p8vfygv00aeljfacjhz0pxzx6kfrdqq4lf0f,xch1vk4a269ceekfsxxf23f255tkz59gyqu9mxht9za38c4glncvxces3e0x82
Proof of Synth and Time #74,nft1azw3e80zap0elha3lht3wndl20j5v9lpk6ve7dm8dt54ne7cggdqmmw2nl,xch1vk4a269ceekfsxxf23f255tkz59gyqu9mxht9za38c4glncvxces3e0x82
Proof of Synth and Time #70,nft1t0nezt4jkt6n5hajxsyx2gdtckxs2qm3t5k7xcsw38hqwfhzj46qfx8krv,xch1vk4a269ceekfsxxf23f255tkz59gyqu9mxht9za38c4glncvxces3e0x82
Proof of Synth and Time #68,nft1xyv6nee8dvdslvantatrl4edjhxex6e5e8t56ncq0ttvqa58ld8q5lmyz7,xch1vk4a269ceekfsxxf23f255tkz59gyqu9mxht9za38c4glncvxces3e0x82
Proof of Synth and Time #67,nft1rq44g46zm38vmvqha0wa36c4d3qs45w3zw3nyea7d9pzpw0zq3uq6wwaea,xch1vk4a269ceekfsxxf23f255tkz59gyqu9mxht9za38c4glncvxces3e0x82
Proof of Synth and Time #64,nft1mnu53trw86sshllhehtc76my5p4mvq7lastzgwr0x6hnz64lzk5ql7whmf,xch1vk4a269ceekfsxxf23f255tkz59gyqu9mxht9za38c4glncvxces3e0x82
Proof of Synth and Time #63,nft1p4zc4xe29qdm8q2t7jz2gg9qmjed0h3xz4cgu3d9mec2rx9gxqxstzn2wt,xch1vk4a269ceekfsxxf23f255tkz59gyqu9mxht9za38c4glncvxces3e0x82
Proof of Synth and Time #62,nft1hfth2x55l3wjcku5ysl5xtxavcm78rn2daw7ds5xgdhl7346gn6qd5kjea,xch1vk4a269ceekfsxxf23f255tkz59gyqu9mxht9za38c4glncvxces3e0x82
Proof of Synth and Time #61,nft1gjx3mrhrdr6pg5ryqftale2zf50vnz7tyjj63yelxwjtf50u2xpsq3hjwq,xch1vk4a269ceekfsxxf23f255tkz59gyqu9mxht9za38c4glncvxces3e0x82
Proof of Synth and Time #59,nft1fshamr6pdm4qslygejyw3hl2e926zynzwfusq2nmfuv5wu7qjhqqlc8ewm,xch1vk4a269ceekfsxxf23f255tkz59gyqu9mxht9za38c4glncvxces3e0x82
Proof of Synth and Time #55,nft1cxggvsukw523l87dpyrm46v8c4hhc9c8wrea4j2pgd3tzqtsl38shv4g3n,xch1vk4a269ceekfsxxf23f255tkz59gyqu9mxht9za38c4glncvxces3e0x82
Proof of Synth and Time #51,nft1v9rd7g474jmc4l04l8szdr4uyma6u07qzp3m8jmjss0n5htfhfyqtc3792,xch1vk4a269ceekfsxxf23f255tkz59gyqu9mxht9za38c4glncvxces3e0x82
Proof of Synth and Time #98,nft1hyedct8kugl9ltaq2pz774z2jw2h096qfp8gldnp6pwxglgyanzq8xajq8,xch1nznvpl7g45vw35nj8sm8z3cc3szx58uk8wzxykjen7ctphjaz2xqnmw7kr
Proof of Synth and Time #97,nft1qztug8nq0wue2mlzsvwz6g0mf5zfps0amcvscl2xy9p5d7rsyw2q8p4mkt,xch18j0562tazv8peqgf5tc68yh80me9p57a43wzag28aw6uea2s7fwq8mgthw
Proof of Synth and Time #94,nft1zk8l4kyk2lpsa2wehn39ptrte3y5u6fyeu6zlptknghe2zhcp6dqrhsrn8,xch17ulkuzkk6rjjd55qnl7rmx4j3zqk9fux9csasc323ngd3uvnje9qa3kg0u
Proof of Synth and Time #93,nft17wnuen759pc3gt2gva6ya7q8r4ehzslsyard5h3d875um69z6mcqewksu0,xch1nznvpl7g45vw35nj8sm8z3cc3szx58uk8wzxykjen7ctphjaz2xqnmw7kr
Proof of Synth and Time #90,nft1tv7wle2knhq42hwxqc0vn0qc467gvargawq060nrmwa4njdhkc3se73scp,xch1nznvpl7g45vw35nj8sm8z3cc3szx58uk8wzxykjen7ctphjaz2xqnmw7kr
Proof of Synth and Time #89,nft1af88rqw9mzrmy7ym0vat075r43pvwusm4443h96rf8q28wc98c8sll96hx,xch1nznvpl7g45vw35nj8sm8z3cc3szx58uk8wzxykjen7ctphjaz2xqnmw7kr
Proof of Synth and Time #88,nft13gnlgfrtc5gu3a7vn4annlq2knc0c4tjhgmaclmsek4x3sz3u8ds8nscvc,xch1nznvpl7g45vw35nj8sm8z3cc3szx58uk8wzxykjen7ctphjaz2xqnmw7kr
Proof of Synth and Time #87,nft1da8tcnx6g74njy7m29vt3crrkzukpkmsrqcmh2g8dr74g2dpa34ssg2kps,xch1nznvpl7g45vw35nj8sm8z3cc3szx58uk8wzxykjen7ctphjaz2xqnmw7kr
Proof of Synth and Time #84,nft1v2cz9dmgkavz6w6rc5efpd3nnfzven4dfc3m838n8x3g6vgq9hmsddy4hw,xch1nznvpl7g45vw35nj8sm8z3cc3szx58uk8wzxykjen7ctphjaz2xqnmw7kr
Proof of Synth and Time #82,nft1thp3jcsvev7fncynns0qmzztkc037j4sc00zdgnmj0grsrj6khnq7lfr4v,xch1nznvpl7g45vw35nj8sm8z3cc3szx58uk8wzxykjen7ctphjaz2xqnmw7kr
Proof of Synth and Time #77,nft1tu24whum6g8epd8xte9k02pdrrja0waqmxh6cjqr3huvk3j6y0ssvs8rac,xch1nznvpl7g45vw35nj8sm8z3cc3szx58uk8wzxykjen7ctphjaz2xqnmw7kr
Proof of Synth and Time #76,nft1jvlzlesflpv489t3tm3c32r0s9nu28d9rh7sdk74vn9l9phnu0mstwjvry,xch1vkzrkw6q658aj0jte07x2f43nu4gjueu8zwv873gkjrz7vp7924qqgu6e3
Proof of Synth and Time #124,nft1keza2dr856uxavu40lvxnslvcjcxtdg6jyvy9vlyakc6t7sduy3q45uyhp,xch10y8260tw2eh53g424d5j87qlr8275t0aqds6zcj5t8wfunykttpsghcwtt
Proof of Synth and Time #122,nft176eul9ye77mh9ua7rrf0e2hjy489efe90gkp3rcx5lwt6pm7a79qm8yn0z,xch10y8260tw2eh53g424d5j87qlr8275t0aqds6zcj5t8wfunykttpsghcwtt
Proof of Synth and Time #118,nft1dsxq50muvmhlapjz99d4mu93daefv3us7zjhzsqjvhv7asmxrlcqzm0z5h,xch10y8260tw2eh53g424d5j87qlr8275t0aqds6zcj5t8wfunykttpsghcwtt
Proof of Synth and Time #116,nft1mzgq0zds9y2uvznel5p8rvue3m9h2lthtfw7r7vskfpghrxd72hqju6xxv,xch10y8260tw2eh53g424d5j87qlr8275t0aqds6zcj5t8wfunykttpsghcwtt
Proof of Synth and Time #115,nft15gcq3pkgwz5ufd3zfxlz4vh5tc4gry7pqn7uu7mkrama2s6lcn4sv8h82z,xch10y8260tw2eh53g424d5j87qlr8275t0aqds6zcj5t8wfunykttpsghcwtt
Proof of Synth and Time #112,nft1tyhfw7ng9kjdq5ryfw0k3efn67kcgu2x97plwd7mpyj374zspevqld5g90,xch10y8260tw2eh53g424d5j87qlr8275t0aqds6zcj5t8wfunykttpsghcwtt
Proof of Synth and Time #110,nft1gq23flenm4ttd7gcqnprw40d7wzgx5v5tzqgwmluxktanx8j9avsf4mynp,xch10y8260tw2eh53g424d5j87qlr8275t0aqds6zcj5t8wfunykttpsghcwtt
Proof of Synth and Time #108,nft1jvde3rkjp2rn0r2cnl2va66syyqsk80quejn76zwe94hns2x9dvq5qq9g3,xch10y8260tw2eh53g424d5j87qlr8275t0aqds6zcj5t8wfunykttpsghcwtt
Proof of Synth and Time #106,nft18f39ehze5enx94qx3q45sdun7rxewxkhr9fl4k8vpcf404vjsy2sdmm5fv,xch10y8260tw2eh53g424d5j87qlr8275t0aqds6zcj5t8wfunykttpsghcwtt
Proof of Synth and Time #104,nft1kpj9pyzc7yeyjzpggjrk0ucl9uvejrhvtygrmn6pp80hmxlcuevs4pkyc2,xch10y8260tw2eh53g424d5j87qlr8275t0aqds6zcj5t8wfunykttpsghcwtt
Proof of Synth and Time #102,nft18s5m0dh8rwqaq47rgc6mc5956fzpajjdu0vk0mm2k4jt397f9kpq9ttuax,xch10y8260tw2eh53g424d5j87qlr8275t0aqds6zcj5t8wfunykttpsghcwtt
Proof of Synth and Time #101,nft13lplfr9rx2ync8cp6kel0pmy2s7tqeukm83m86v2p4ymzh32xwzqtdqnp8,xch10y8260tw2eh53g424d5j87qlr8275t0aqds6zcj5t8wfunykttpsghcwtt
Proof of Synth and Time #147,nft15ulhc00yg7q5evfwg7m9fylvthxre0552vndz9cm7u8cuxypch8qfhsdcj,xch1zskgu50czdv5txv74lk8433y9fffs90xcuqu8wu76qvy0z60twzqd3yd09
Proof of Synth and Time #144,nft1tc06ecjq9rxm557w0u5prk56f0wahhee5sl482psz9g5psjxry3qzkuat9,xch1zskgu50czdv5txv74lk8433y9fffs90xcuqu8wu76qvy0z60twzqd3yd09
Proof of Synth and Time #143,nft19005ew86yahxa26q76k8rcymtnuf6cl6ustyxrjp62furp4mgz2s94u9n3,xch1zskgu50czdv5txv74lk8433y9fffs90xcuqu8wu76qvy0z60twzqd3yd09
Proof of Synth and Time #141,nft10tj8pfyjdzcvl7syukugnzpmwm6yl2dya59l5ua7kkzeydksm28q7zw3ez,xch1zskgu50czdv5txv74lk8433y9fffs90xcuqu8wu76qvy0z60twzqd3yd09
Proof of Synth and Time #140,nft1qzca2jlmr9hukqndpxfg9emc65kj3c4tvnus4299qfv03aewfnss63uzlu,xch1zskgu50czdv5txv74lk8433y9fffs90xcuqu8wu76qvy0z60twzqd3yd09
Proof of Synth and Time #139,nft16puw66xe6ekye2sqmugkj8d36gjz6uswz3rxj9znr0ptfvc8a9nq2csesn,xch1zskgu50czdv5txv74lk8433y9fffs90xcuqu8wu76qvy0z60twzqd3yd09
Proof of Synth and Time #135,nft1k42d4y6uth8hm0kgcdvkdzumshr2et0ujfy5mz0yenckvj9zc26sgy5vst,xch1lv72naplsd75clylsw24uvetn4xuu5zpegsejx942e66d78u4jgsnkuc34
Proof of Synth and Time #131,nft1ewlqhmmyvvwdfr4cv5yz7sangzhjq5ftcxn77l9xgyvzpprvp29sp6unjf,xch1zskgu50czdv5txv74lk8433y9fffs90xcuqu8wu76qvy0z60twzqd3yd09
Proof of Synth and Time #127,nft1wj5kwwu8r0zvdvray8avmcrec3xdwesawcqs45ajcu65tdgpcq8sadhvlm,xch1zskgu50czdv5txv74lk8433y9fffs90xcuqu8wu76qvy0z60twzqd3yd09
Proof of Synth and Time #126,nft1r2z72pfh8t90npfge3e7zfz0spwj49w06kuzszmdxy7t3remfagsjrc8q3,xch1zskgu50czdv5txv74lk8433y9fffs90xcuqu8wu76qvy0z60twzqd3yd09
Proof of Synth and Time #173,nft1ptkm50xq0kuc8sns47a8v9t46fqt0w30rmtj2utk80aqm3cs335q7q30fr,xch1z66aamdz23dk7p9n08s04ydheg7kqt3hq3gh2usrctppzdjqv8zsr32er8
Proof of Synth and Time #166,nft1n3l3ag4napwvhcvj6vxey8d7ch78ntkruj7uej23za29mz8mra5qt80j9h,xch1z66aamdz23dk7p9n08s04ydheg7kqt3hq3gh2usrctppzdjqv8zsr32er8
Proof of Synth and Time #165,nft1ktkyja0kjsqfmt6n8qnuqkmvj5ylgj478ngejngq3uga8mnyvmlsytx9hx,xch1lv72naplsd75clylsw24uvetn4xuu5zpegsejx942e66d78u4jgsnkuc34
Proof of Synth and Time #164,nft13zs2p3e827c7mdcvjgzmvnm84n9ctt4q0smx6svewa4g4tpzetmqpsnszl,xch1rsl0hxqpuw9sf0mtjzssxndt8aezrkt5z0t9tvh3xr3zjhuvceysa6a64v
Proof of Synth and Time #161,nft1fcyx84d4y7zsgrkwaktvr9tk3naqw8lgkk3f40my9p8wpg8utfuqyf9t94,xch1z66aamdz23dk7p9n08s04ydheg7kqt3hq3gh2usrctppzdjqv8zsr32er8
Proof of Synth and Time #160,nft1weadjhxjec9nwd3srn4hlww39nkmnf3afasrttzalmdq88eq3l5qzsr9e0,xch1z66aamdz23dk7p9n08s04ydheg7kqt3hq3gh2usrctppzdjqv8zsr32er8
Proof of Synth and Time #159,nft1v7f45cjyfyc4r0kapkl4h3nd2t5jcpjww0zfgq5l2s6zkd4tmfzsw9j4cp,xch1v7gzayht7t5ug68huljygrjxs9s5l57c0skpdnh8rftxzr7w9ujsq3md68
Proof of Synth and Time #157,nft1chg6tdyr3vz6v5y7w4hvzh7tjle97c9rdqk73s8phmt6pwtcmx2qj3ncu3,xch1z66aamdz23dk7p9n08s04ydheg7kqt3hq3gh2usrctppzdjqv8zsr32er8
Proof of Synth and Time #154,nft1z0yk2v4jzf2rm285ud0rnnvydj47k4xju622mwvrr65eav4vg8ks6mz72j,xch1z66aamdz23dk7p9n08s04ydheg7kqt3hq3gh2usrctppzdjqv8zsr32er8
Proof of Synth and Time #153,nft1zdz9d6xknsadgelr5dnfv25l84ldzpnppeh6lr7mzdfevgehzclsspspjp,xch1z66aamdz23dk7p9n08s04ydheg7kqt3hq3gh2usrctppzdjqv8zsr32er8
Proof of Synth and Time #152,nft1c7cep88qan9qmvqe6a9va0cvcsqn0huxdpe9rxcseefq94de6mcs04sj85,xch1z66aamdz23dk7p9n08s04ydheg7kqt3hq3gh2usrctppzdjqv8zsr32er8
Proof of Synth and Time #200,nft1f7lcw6tqu685x5v4k4lc00tnvs4h8uppy8wnwuvag2yj6a0zuheswl3f83,xch1hj6m7u9hkx2plysdfj69rn8vg2pv7k5fy8ghqrfejxe6d5797wnqcgdaz4
Proof of Synth and Time #199,nft1fzj80n7cqwd0eefq3hsjtr4tsymdgt5lx24ccqsppvsrlq9p2t5shvlsdk,xch18y3tcw2xjgvtut8x86d6hsz6zr0dxr5xhthkrq5wcffpaqmd94xq2vtf4n
Proof of Synth and Time #197,nft1fej6vkyk4dl840rc6yjhd05nwcr5sfp84z6qu7aecwam2k68rz7seda9yd,xch1hj6m7u9hkx2plysdfj69rn8vg2pv7k5fy8ghqrfejxe6d5797wnqcgdaz4
Proof of Synth and Time #191,nft1ukm5z0ne4lt6ajjq2dtrtfqpmgymwvusgvcqc47w00jvf4lpu6ds4z6v9m,xch1hj6m7u9hkx2plysdfj69rn8vg2pv7k5fy8ghqrfejxe6d5797wnqcgdaz4
Proof of Synth and Time #190,nft1zs3fh497ezpvnw6dd9mrfsjk89qcntadgg6sq667hyxk0ehkvzksffa3ey,xch1hj6m7u9hkx2plysdfj69rn8vg2pv7k5fy8ghqrfejxe6d5797wnqcgdaz4
Proof of Synth and Time #187,nft1sxurt5np2x4theg98lxpvstxvfdcxj2x96tp5rzsq9w08srvgnzsjtw07g,xch1hj6m7u9hkx2plysdfj69rn8vg2pv7k5fy8ghqrfejxe6d5797wnqcgdaz4
Proof of Synth and Time #186,nft12swc69y0vcjm4r5s056gmq4e4unstzy6rrtc6vyh73gw7drqam0sa9t6j0,xch1hj6m7u9hkx2plysdfj69rn8vg2pv7k5fy8ghqrfejxe6d5797wnqcgdaz4
Proof of Synth and Time #183,nft1dx7n0f9mlgsrvvczd4jjda6lukydyf29mchuu6pgzvpjl70hqzzq9tsj5c,xch1htys893y9h2tjkgk5vguce7pycvq5vwcv9hncuk8tck7uhygl27svxkhnh
Proof of Synth and Time #179,nft1fm3fxmjkqweaq74msnv09d5x79nlzhq4e79hhyvnrc940u5thpxqmfhzl9,xch1hj6m7u9hkx2plysdfj69rn8vg2pv7k5fy8ghqrfejxe6d5797wnqcgdaz4
Proof of Synth and Time #177,nft13lc86h84qlz7rgpwgvj7ph0946ec7ee3zrwtnw2r76uh809yq0msp00rd9,xch1hj6m7u9hkx2plysdfj69rn8vg2pv7k5fy8ghqrfejxe6d5797wnqcgdaz4
Proof of Synth and Time #220,nft1nc8c6ngtqrhzpe5vu0rdq9pk03ra9y0l6fahvrnsfzz8qh3msgtsvwss0s,xch12uuv3hqjmqnhl9aegqnrxq49xypmmg5ramugx5zh7za88zu6v77qnwvm4x
Proof of Synth and Time #217,nft1n2jqaugfwavmzegdren2cq5meqt76p2yep05fmrxvhmhm45g3dhsevr0x0,xch12uuv3hqjmqnhl9aegqnrxq49xypmmg5ramugx5zh7za88zu6v77qnwvm4x
Proof of Synth and Time #212,nft1wat5xgqmz2y8578kgaaa6wvpytkejrxnr4qu9vrzxdz46xp248zq3zkg5z,xch12uuv3hqjmqnhl9aegqnrxq49xypmmg5ramugx5zh7za88zu6v77qnwvm4x
Proof of Synth and Time #210,nft1dlw0ql42nv24l222vmn8d5cgf895d49l6088fe7zqz5xevt9y5us3up799,xch12uuv3hqjmqnhl9aegqnrxq49xypmmg5ramugx5zh7za88zu6v77qnwvm4x
Proof of Synth and Time #209,nft12yp806xlfaa58p9g7s6sdum9qxmnayfa34uu6qxgg7kn8f74099q3s4af0,xch12uuv3hqjmqnhl9aegqnrxq49xypmmg5ramugx5zh7za88zu6v77qnwvm4x
Proof of Synth and Time #208,nft1u4vz2pmzvgas9g8rt45yd4jkkdxxmwtcvkzhn60z7cxlue9w8mqql90n5c,xch12uuv3hqjmqnhl9aegqnrxq49xypmmg5ramugx5zh7za88zu6v77qnwvm4x
Proof of Synth and Time #207,nft192w08fdx6r4uq7g2ldfpps9dvlp76hzk2ja6x48xmujx326kpz8sr4y3qt,xch12uuv3hqjmqnhl9aegqnrxq49xypmmg5ramugx5zh7za88zu6v77qnwvm4x
Proof of Synth and Time #204,nft17r6lpsetc6qxm95xtt9tcwladaxltws872nsjphhycgn5ttucvlqcjleeg,xch12uuv3hqjmqnhl9aegqnrxq49xypmmg5ramugx5zh7za88zu6v77qnwvm4x
Proof of Synth and Time #202,nft1c90hdd5jw6l0ltdj0p8jx2jqvfdrftajynggj6wny96j8ywtq76snxtncj,xch12uuv3hqjmqnhl9aegqnrxq49xypmmg5ramugx5zh7za88zu6v77qnwvm4x
Proof of Synth and Time #201,nft1vlzcgz9xn53ld57yeft0tpglx4ew8mwpwltjevx6dh8px9u9l2hqcgj4sp,xch12uuv3hqjmqnhl9aegqnrxq49xypmmg5ramugx5zh7za88zu6v77qnwvm4x
Proof of Synth and Time #250,nft1sgctecn3njj9qrnc0u5jvmvsxnhlm0szwpxl9lgqrea99r50jalqvx0jfm,xch1626pqx3jwfxr6xryv8vxys7m5nmv273rwkapvdvkawalnxhcxdrsmcjwzj
Proof of Synth and Time #247,nft1rtx6hrdjxkna8n9c9grqywh8tjxx7elcp8w99sdqdftyfvvz9kks4jt4zt,xch1626pqx3jwfxr6xryv8vxys7m5nmv273rwkapvdvkawalnxhcxdrsmcjwzj
Proof of Synth and Time #244,nft1294gv8qny7jw4ps3hdtl35cupk7v42ruvdm35avg90kn5e2qazdqyy03qe,xch1626pqx3jwfxr6xryv8vxys7m5nmv273rwkapvdvkawalnxhcxdrsmcjwzj
Proof of Synth and Time #240,nft1t8shnrkjxczglghm6uy2hj4mdwcfmvv83muwce94az7ym2zzuwtqsnd0zz,xch1626pqx3jwfxr6xryv8vxys7m5nmv273rwkapvdvkawalnxhcxdrsmcjwzj
Proof of Synth and Time #239,nft13lhl6n87s7tyrsddpsurwfhrynvz820lg8c3ehlht4x5uvau2urqrttvsx,xch1626pqx3jwfxr6xryv8vxys7m5nmv273rwkapvdvkawalnxhcxdrsmcjwzj
Proof of Synth and Time #237,nft1uws47rc57xnwdd6ym4sf957k47dkgd4m4pffdqg9fr3jn6ynq7rq0wmxtk,xch1626pqx3jwfxr6xryv8vxys7m5nmv273rwkapvdvkawalnxhcxdrsmcjwzj
Proof of Synth and Time #236,nft18rlakep6z60vs5c348gkhn5hgxnysk282hx3f4776n4rs45sxt0q9uxt5q,xch1626pqx3jwfxr6xryv8vxys7m5nmv273rwkapvdvkawalnxhcxdrsmcjwzj
Proof of Synth and Time #235,nft1eqsutcdtkcm9rkavr2fuj7843dx9rne24c9paw7sswxu0ynzk6kq9q845x,xch1626pqx3jwfxr6xryv8vxys7m5nmv273rwkapvdvkawalnxhcxdrsmcjwzj
Proof of Synth and Time #234,nft1gct942v6g6enp0ukgdv9cj23xwntdz9gqhve6jgf88c0swt94nhsarrg40,xch1626pqx3jwfxr6xryv8vxys7m5nmv273rwkapvdvkawalnxhcxdrsmcjwzj
Proof of Synth and Time #231,nft1g7cnsesnpfqxmrqf59v35d4fv2u9dmc5hxcm6499jkdp3jta4y2sf8dehm,xch1626pqx3jwfxr6xryv8vxys7m5nmv273rwkapvdvkawalnxhcxdrsmcjwzj
Proof of Synth and Time #229,nft13jrpsp4a4cq8f6q6f0s222sc9z5akwqgcqpk25878vaw8jj0d0aql58nkv,xch1626pqx3jwfxr6xryv8vxys7m5nmv273rwkapvdvkawalnxhcxdrsmcjwzj
Proof of Synth and Time #228,nft193dcw5hqhvxnxy8yn6jna4xx0vqwgu54fecapv2q4g7ta9unstuqfgem8m,xch1626pqx3jwfxr6xryv8vxys7m5nmv273rwkapvdvkawalnxhcxdrsmcjwzj
Proof of Synth and Time #227,nft1q99z4rvgzjhwwnuasasjxxde262jxmmjn39je22d9grhvcda5uus5n4l8k,xch1626pqx3jwfxr6xryv8vxys7m5nmv273rwkapvdvkawalnxhcxdrsmcjwzj
Proof of Synth and Time #226,nft1q6rjrtu7kgg4z29xdt4wqp7c0yumxufrnk3sh4m66r778dcqxxqs6adugg,xch1626pqx3jwfxr6xryv8vxys7m5nmv273rwkapvdvkawalnxhcxdrsmcjwzj
Proof of Synth and Time #267,nft1584z4tz82n9pu89ysnvux5nz6270x2k88y93sk36wzz48j0jxwesy73rhs,xch1sjccmfdte5nf4lqkzu7xz5csdyn7a3xkjnmzdlmumu87ft5fe25sgel8sp
Proof of Synth and Time #266,nft1jnsrchhc9lcqm3fq2e48e4rvc8zpnenr0h85638a2vpsv5tk0s2s24m6y2,xch148ulzzz5jayxpygcllr6lhz76ssld7wqxdv0edwhrtzhppp5dhdqx8azh2
Proof of Synth and Time #265,nft1wy5p4jr78y7racus3ls437ar20p9p67g4fztmary9qevxqq3va3sfwlyfh,xch1t4x6zuj9yp2ynwc5v4fxx0c2axcclz6u6c0wlpfj7ecnv796tatqtffuzf
Proof of Synth and Time #264,nft1x8p5aelkaemj0nq8sv47qfqxhps4kam5p60ecwlcqzp4zvg96rysdnkd9y,xch148ulzzz5jayxpygcllr6lhz76ssld7wqxdv0edwhrtzhppp5dhdqx8azh2
Proof of Synth and Time #252,nft18a5gjx3jg8ehgveqwt8tvhw2pps6athdffvuy3s8u2gxhfc87g3qjcr5p2,xch148ulzzz5jayxpygcllr6lhz76ssld7wqxdv0edwhrtzhppp5dhdqx8azh2
Proof of Synth and Time #298,nft14xynjr0hk7h894qs9g6vmxtmsy6kmzangnkg772pe52ezqm57jkq64f6ud,xch1rwqe89hrh93pullmd9v8fz2r3rddpap7as59cqejzq4ffc9jhalsd6p942
Proof of Synth and Time #297,nft1tk0ed7e5tmax0r37jtcqywppe5swv5srx5w7q5lgdt64wzhadtvsrsuq4g,xch1rwqe89hrh93pullmd9v8fz2r3rddpap7as59cqejzq4ffc9jhalsd6p942
Proof of Synth and Time #294,nft1ps9a2jace3m49tavd5et3sy4hnhq76dt42dk6zqteasmqxwtg9ks8huzmq,xch1rwqe89hrh93pullmd9v8fz2r3rddpap7as59cqejzq4ffc9jhalsd6p942
Proof of Synth and Time #291,nft1r2d8wwhn4pfd39crz9gfdf8ftkmx4rt859enkssm6jn7ncz7j3fs03hj04,xch1rwqe89hrh93pullmd9v8fz2r3rddpap7as59cqejzq4ffc9jhalsd6p942
Proof of Synth and Time #288,nft1dqd5e0ej2phmtfrsylr8p699mysu35tpg68mh9a3swrh5fmgw06szzeeva,xch1rwqe89hrh93pullmd9v8fz2r3rddpap7as59cqejzq4ffc9jhalsd6p942
Proof of Synth and Time #287,nft18yxq2qksj00meax575dr6ec48jke0p5jmv4jngd7arunzw28re4sq2y9ql,xch1rwqe89hrh93pullmd9v8fz2r3rddpap7as59cqejzq4ffc9jhalsd6p942
Proof of Synth and Time #286,nft1tud59f46tdf6uf3t3xpwxjmhy63sc8wjy9cd49y2p46qpvzk4j0s9m42rh,xch1rwqe89hrh93pullmd9v8fz2r3rddpap7as59cqejzq4ffc9jhalsd6p942
Proof of Synth and Time #284,nft1q7qlmls52zfd6rseytutwma9qg08ry5hwl0gz92gdtln2cvkfrfqfdhsc0,xch1dyfxn6fwu5ma0ruucdhm3e5gjd894qep2hslz0hpv4g6xaxauugspqxm2h
Proof of Synth and Time #283,nft17vlsrxet6k368gd2a70k344ppflla8gd8l5ujctjxvrue0z5vzysxltcur,xch1rwqe89hrh93pullmd9v8fz2r3rddpap7as59cqejzq4ffc9jhalsd6p942
Proof of Synth and Time #282,nft192f5n7r7a89eqded74wym9lzv924syjzq3h5q4e3tmnk6dxlrefsx8903n,xch1rwqe89hrh93pullmd9v8fz2r3rddpap7as59cqejzq4ffc9jhalsd6p942
Proof of Synth and Time #279,nft1hk7znsay997fw0y49lmrgr4yxugl87ykz08why4y0stl8e47m0ts8kxsms,xch1rwqe89hrh93pullmd9v8fz2r3rddpap7as59cqejzq4ffc9jhalsd6p942
Retro-EVO POSAT #117,nft1s287mrk3skt4ttetuq8yh2dgfvguhex96h08ra7eqgr5s6evav2q4u6d0v,xch1aneget6lrmrhmkzwdkdfw72xd8et2kwjfqj0d2pc2xmjlexqxjysd33ufl
Retro-EVO POSAT #151,nft108ta5qd7w8jtftmk2yv26lqextak43jpxr8w6zxh2w9yajdka26s9wwae7,xch16uay83je4vf5ttptpz9e047zqyj84kv7a8v6jlac8png0wrqtznslmjxr8
Retro-EVO POSAT #42,nft1afm2wjk3uh6lngk0klcldlxhz49f3yze8vw5yx84vx0ymfw0r78qq93wyr,xch13tdm2p4wx8gq5tjunlu4dasymsrc0c5fguzmcyzpd5fjd8c6cygqjxvequ
Retro-EVO POSAT #178,nft102crdw7rksqesxpu96w6tsdn7pxk04nqv64qhtv6hqyp8gud5d8qwmknkr,xch1jwvs887tpgadqg25tfg0az9r5fxtzmvty42zzttxycr289tych3szrfke8
Retro-EVO POSAT #184,nft1dfyg8utcjze9ufsaejn9f2zf5hevp23v9j7ukklccctefu4wfq8sertckx,xch16zlqyxfmgsmmvu5vfpzjpa5pt5ehx78cfd3zh7kcs6jmv0hjedyshyshzp
Retro-EVO POSAT #251,nft1fehz28ney5lyx34ztmqzh0490ytkue73fsxp2egrz90ptaxes7rqg0m0n5,xch130yrfwqpx8sfpw7ehdlgh9twgn85gcv7j4v7d5s9wd97v3d7t04sp89dms
Retro-EVO POSAT #13,nft1cz4m7tzxkkd7f2ptam9zkuzgetmr49meucnjc5ylc5zec0kse83qe2fza5,xch1ry5l205k2360mhklcchk02trf4gdsve9arl0krzuf6ad69r4ekdsv82tdt
Retro-EVO POSAT #192,nft13f2ln8h8a629ynluax02nzpdyj0r2lz64dcmsrum7ecq44fu6r9s7fzyhg,xch179xh7v9nhh0t8ruj936f5ee2tglxypx035d8v9luq2mhfqp3wt5sl8nkxq
Retro-EVO POSAT #260,nft1a9g5zptkq7fsg2g303twla65crh9vtzur4g8q3jwzfyrx4eymjcsfd2p62,xch1v4t0a5sgmp08k3k83hjukrf3ksfvvqf962skgttn6w66emsuc7hsp27slr
Retro-EVO POSAT #78,nft1qhl25rqrfqdgs2z6d4h85ypqxs9s39t8gfluwrsc6sx39a98a7psa4e5qj,xch1jp9746p0xsasg8kfn8yejskdp96ujwr6q5adregv7j8psyrjthzs3yuz2w
Retro-EVO POSAT #85,nft1v6mtzp2qrx3kq7hfasylmyxw4m3fjlnp7tcx4xa6cy7g4pxppuhs8r3tyy,xch1cvdva24ra20pp8t5txyczswdtzhdu9njr7kcu3ykm72hylsatvksfk65ds
Retro-EVO POSAT #270,nft1llex6v5pfm5kvcfywsujwqdacmmy4zsapd0gzhd965zzxq23tjvswqtfvw,xch1jv2enl5chq44dd3x0nedy02ymhkze2y223y99x40nulczgllyjmqdksq6w
Retro-EVO POSAT #278,nft1npuwye5hs6qfgr9mk9lyszm4n2rk0kp6nu2qm0nqnjfvxmhulq4qns4sth,xch10zapxphkf855th0zlvjn7djewd4h0k7f0jugv9f42gffstgn3jns2kt0va
Retro-EVO POSAT #233,nft1e9xzu8nlhl5nlqe6wu0rntuf0r9jfqc7a027t6fnds5y2d9eqwjqu20azr,xch175mdxgh8qrlsnamkl806sn04ju2e6xt3qdttj0acstp88wxlc9uss84ek2
Retro-EVO POSAT #145,nft1xg0jrwtgccrlg9j0ewf0wjkqyffps29squ6vutpa0rm67glmqwjqg8g0kx,xch1jyvm84j0snquc6933qpzq9e2j09vr8pnfedn66kc20cyts7nu2dsxrv4qh
Retro-EVO POSAT #120,nft1ew87cknu4m46fy074c6j7x5sd727rxeqc4zy0hkqpc0q92x22tfsprrwed,xch17qx9e7ukkkuhufc4htt8qh9sjsgl0f67wf758q84fmrkywst0gvqlqsqhu
Retro-EVO POSAT #30,nft1gxghupkqyn0wuqk9lqgmlyw0ggntzarfsst7q984gy64zzc42d8qyla3cf,xch1z5p9yay7vm7cvvg08t5es6muxh9ddf50thnsfxphy8xywceuekksdcfep7
Retro-EVO POSAT #24,nft1v7fhvree05nlxvu6pslj6p0nch0d007qztepvdzun0jnvfk4a63sa5zrqw,xch1dqs6rmtqr5nu46jrqgqf9r0vxdgnaape9ryzdwxy26fgjeky88ns6cpx5u
Retro-EVO POSAT #123,nft1su9k83qe2rnczj695f5efnfz9qq95em46re8nvrww8rx9y6wlzlqx5vr8q,xch1l9j4nnxlkcwrtcxeqzpftz0pdyccgtvwjt9p3fgm3jpfhce779gqd70d8s
Retro-EVO POSAT #214,nft1wkqfgcahls4kaf6qkarm3d5u42aq5634ajr0dqmrmpfdgy0ectjqwq03q6,xch1nrzk6t9fp7c5zf4atlq6pp6cf4quwhfvj4lynxkku2tmxf3wv3sq5us8tv
Retro-EVO POSAT #174,nft15adg7me6cuh97u6jpsrr2vw034wsx0jrs5s000zpwrc4z8840pjqy0ewf5,xch1379pavdafttmq7zs94vcu239v3greg49477vzpl09nu04el30gdqesqluw
Retro-EVO POSAT #72,nft1ru7zv306pya9ejmajlyyrm7uu2dwjfdp8jk5tq0xrwuufl4jflpqppevxs,xch1ec4hhlx4sy58akssgkf7fl667s46va29ynt4mc7h58ftsrwmxe5sn6vns6
Retro-EVO POSAT #215,nft1de6ttn5sjk6l8y4zl7hse2rztee82ekkr0e677pm6j54w2pz46mq4ul08x,xch12e7sx4s7qg4a7nacwlp2gh6cr45hgm83vekpputgr7u76ag8t5hsuk4y3u
Retro-EVO POSAT #292,nft1uxp6f9703ljwjemq3063qhlldh8xu89yl5cl65tfp30cglxvwdfs2t6day,xch1ajqsm4ddj9maqkpnh5vgx5jpgpzyhavhmrz9pu05nkce7xzcj2fss4tn7c
Retro-EVO POSAT #137,nft1rc6pzy4czz2yh8udrd7q8t9xh099x7z6t2q5tc6jsx2nvwvf37lqmm906g,xch1muv957pmx6l5yqns7l0ahun9jtvtwra4awc94epyyyn2xusag2xqxeck78
Retro-EVO POSAT #206,nft1q9j70yjq7wlsdt2rdhwnfk792vxm5tukuhpxjksfaa02w3zxnszsexx4ts,xch1j46srqpn4x32uhj4gch3kadc6k6z9pndmk6wl25nmxyk8lqh26zq8kf48m
Retro-EVO POSAT #262,nft1hw5vfrnntkp27dzxgyp5l6a9exmwne64rfq4hrtmuprgkspmmrpq4km5lr,xch1e86g399httew5y4jx0mt6c75twx9f8fe65g7d7t0tamd87nnqt9qmpul6e
Retro-EVO POSAT #162,nft18hwx8h0mqweh6gflwtwvs6cmgm4j5jcktwvkr4pjdrmy8kyqcg5su4zf7d,xch1kx9tra7rahnst596gxdphrqv3pae65jzj8q3k2lp9es3fnn44xxqenc83s
Retro-EVO POSAT #121,nft1hl3dz06lm06keetrlhv3er03xr3v5y42a6ts08zx4tglrqgf6rmqxth9gz,xch1hyvwjkkuqdrhg9dy5h9gu89rlz6juqnzxgfug9t2eu2k9ulr5u8s83ru2c
Retro-EVO POSAT #18,nft1zq3298q5h0d2leuc45y9uazk8jlzyuqsjg9nu5tay9mn2xp4q26qk54m0r,xch1xvdlmtthyeusjsc05v7w6p8pl5wfmw0twppd944mdd7a53eggghq39q6h4
Retro-EVO POSAT #259,nft1497yayff7fx8t2gm7kycus8g07h2s6p3n0zmy6p5tqxncqxql7kqqam8vj,xch1ecxs4fzdnsuf4s07f72z2ja3x2neleedfhdu7s9yg206g7l03vrs8kkv5f
Retro-EVO POSAT #269,nft1srrptmautfn7yffzpj8xu9mdaquzj4nu64yuqwggy9mn74q6n26sl709r6,xch1tjxe5u078kfu365q8jrpjfg0zujvyrgd5ujpcuvccscqs5ecla8sxupljg
Retro-EVO POSAT #182,nft1t2kf25ly996wy37jlf3x2qu9lmst9l8vecyf66jnef5t49xj8xyqz8an5e,xch14afy3k77mxt9cwunugl068pgeq6g36fqm9fnmsjvhrk7s8x7m5aq9c9l07
Retro-EVO POSAT #289,nft1568savh5uw9qcwpcz6edk62ylqfem9p0npn0w846sup7cncjz5ssqvjnxy,xch1yswn5zegehz0az227xgmhwvlph4w2sxn8zlrk7cwfkepfda5v3hsc2ncq3
Retro-EVO POSAT #20,nft1gp4w97z003dzwe0deatt88ytq792jgkexyzw2446hn6t4yvmfleskcsvtt,xch1fw6lx8ue0hx6m5yylfs3ynp6vvpuq6yymsem9asvgdfscu0jq2psheztwh
Retro-EVO POSAT #28,nft1z4gv5nv0udx5h9fzesmgcmgfcuypmth5wt6gllgf9vnuv94s482q9ulr60,xch1zy5kns30fp4adc372yrqtgrsc7qapnrlmamjejachwejew98w0asm55gs5
Retro-EVO POSAT #16,nft198thfvact7d8g8fn4pz8nurv0hlqkq7s4vm4k7x5llfgmq8xh30sc9f6m5,xch1djq7nyjpg5a8c6wavm525v22rkqyt6ff6nalnhz76gfkayt0dwlq2juz3w
Synth Way,nft1ycd432n0d78pqq5l3hljp6nghw2c897l4zcph06rawjsqqcac69qfhs8nx,xch1nfj29alc49m473cdru9lrrd5sxxezdgtk3ck5cv9vjayhkhtpxnqtv3uxs
Synth Road,nft1x5cqdlx32kqvqjzarlklcr7r7k4s29m4a8m4pchcja8a7w5zh8kqw2ewnh,xch1fs7nmrgsvqqnms5h3n28upu2cvyh3rh6q5d8fdhv4sqmvdsms8cqdgr3fd
$DEGEN,nft1uuf7nzn0gwwqhu6d465lywskv86lxk52vewtsgzz36j4t4xkksmqelucjd,xch16n7wqgyx8ygqtut9rledrdsn2a8dnu3rfnc35tmkzgmhywqlxa9q6mnenx
SyntHexizer #2,nft1jum2g6vv2cttv376lj93vl5ghqlujc2vepsdg78v9lzy5njz7tjq7p6t26,xch12fmytppz0lpc8m3azkzau00zx2saywfw8p6vvntwgngej494jm9qgpdp74
SyntHexizer #45,nft1xgcvwvdcgpmcryqq23v0q5qtjktezqhg2xk0agcff3cz3s9gu7js9undph,xch1g08g2u5rnypqa23wvcccn2ny7kqv5gvpx3hcsy437cjwe06chwkqckvur5
SyntHexizer #5,nft1k5rs6afavzvh4apqqjsmx3cakjhhwnpjzz5eh3rwrncaxweyr7csym96wl,xch12fmytppz0lpc8m3azkzau00zx2saywfw8p6vvntwgngej494jm9qgpdp74
SyntHexizer #10,nft12aw9vfgan8zrynnath4m5m2rgzqrkq2n5v7zsulv4vf3erekexys8pwlaq,xch12fmytppz0lpc8m3azkzau00zx2saywfw8p6vvntwgngej494jm9qgpdp74
SyntHexizer #6,nft186m88ld2lsx50cz2lf8pd5gcdsp098j8kj4t9lv4hwmvzy9f5pcq00pa52,xch1gddnk5hm9elhmxwfzt2ra2evsesfr68l8kwfcnzkx5mpukp0d8psqyxyqn
SyntHexizer #46,nft1cvmsf5pl26r7mlk8gdpe3u2cksr2ghwlme30gxvf8aw0mfjwpt5qr5lakx,xch1g08g2u5rnypqa23wvcccn2ny7kqv5gvpx3hcsy437cjwe06chwkqckvur5
SyntHexizer #43,nft19k08wgy2f5rw7j5z6agdtzrr7s3h3zt583nc7umevtsa8m5ekc2quult59,xch1g08g2u5rnypqa23wvcccn2ny7kqv5gvpx3hcsy437cjwe06chwkqckvur5
SyntHexizer #31,nft1rjjg29dlzauesf0r28sm0j6tjpz23x79dyugs45hfwxk30xk08ksycm4wq,xch1g08g2u5rnypqa23wvcccn2ny7kqv5gvpx3hcsy437cjwe06chwkqckvur5
SyntHexizer #52,nft1h67jd2yrt2cczp056msa36gxuqp3jcsfpnjrvmrkxd0dq0azefxsdshvm6,xch1tjvwgn59s4x8wq69sva6c6rtptu9dpvyfcyz65wxusrgv8txlk7shwztpj
SyntHexizer #11,nft1vmwjr8n52lavv75xgjpf52x29l58nd9jyupdfz0tsdpa6vh56elqk42hac,xch12fmytppz0lpc8m3azkzau00zx2saywfw8p6vvntwgngej494jm9qgpdp74
SyntHexizer #4,nft1q8swgakp5lescpjy3l3kvxl3jy7qxrvkrspht9wnk4p7225q86kq0zfdvd,xch12fmytppz0lpc8m3azkzau00zx2saywfw8p6vvntwgngej494jm9qgpdp74
SyntHexizer #34,nft1nrtjjrafmjyej7t4p28ul6eg7yyf3etdczdk8348525ykcwgqg6s7xt636,xch1g08g2u5rnypqa23wvcccn2ny7kqv5gvpx3hcsy437cjwe06chwkqckvur5
SyntHexizer #30,nft19kdqkv9hhq8px90jtrsdx5ukdvwktcn9r7q4acfsgqkpjdf26wlq84f2gd,xch1g08g2u5rnypqa23wvcccn2ny7kqv5gvpx3hcsy437cjwe06chwkqckvur5
SyntHexizer #26,nft140s6xj7gjayspcnfx9g2kehx92u9lrwslmgn93fa84z7pmq0ccqsaruyc9,xch1gddnk5hm9elhmxwfzt2ra2evsesfr68l8kwfcnzkx5mpukp0d8psqyxyqn
SyntHexizer #22,nft1fm8v0uxah9c8sr7reyelqccdut03emhw07qnram7gzpqphsk5nrspf8w6f,xch12fmytppz0lpc8m3azkzau00zx2saywfw8p6vvntwgngej494jm9qgpdp74
SyntHexizer #36,nft19gd9peyhmcs5lwv2rert4rk0wkp5sdgxpjxens2supx9tpuc634qkn9zn3,xch1g08g2u5rnypqa23wvcccn2ny7kqv5gvpx3hcsy437cjwe06chwkqckvur5
SyntHexizer #1,nft1au57n2cyug4carucql3ud2cg8y962zvgca8v0dvj00qxlpngrmdqt9ldh6,xch10rv8dq8xpesz8kf20huhfjqsm9x0k2myhqln2mm9g5xz8qnf0xzsrhnp4u
SyntHexizer #38,nft15kunx4tavyzsdpnyn9z5wa3s55a8eku7fl7t60ww2jgwtlvmmvlqwwumsj,xch1g08g2u5rnypqa23wvcccn2ny7kqv5gvpx3hcsy437cjwe06chwkqckvur5
SyntHexizer #23,nft183xkd2whymrpvnmulpzhcavfrrtefpz0wftpjtqhth92z3fqpglq6jzpyx,xch12fmytppz0lpc8m3azkzau00zx2saywfw8p6vvntwgngej494jm9qgpdp74
SyntHexizer #28,nft1crvvff0t44aw6gz0gs8t8mmqytslraa4pqn97j7y4k92cudspsdsrwwxlg,xch1ekumhh9qtmqpuh8694q6q4gs8vpv6na3l5eyje5hc9saul6ewfnq3te30u
SyntHexizer #18,nft1cr4jgsv959mzmrcxtffauvhsqv3emw2nduxh66fn4tdrt67qsyqqfl0npm,xch12fmytppz0lpc8m3azkzau00zx2saywfw8p6vvntwgngej494jm9qgpdp74
SyntHexizer #41,nft1xtv3ndgxwqcdxmj5gjk34jgd29yrq2pzrpqy689cd66smpu9kp6s29a424,xch1g08g2u5rnypqa23wvcccn2ny7kqv5gvpx3hcsy437cjwe06chwkqckvur5
SyntHexizer #37,nft1nnrvzyfe57ayzgavsnzx8f4l8tdgfnmh7lnqm95fqxcpqen40gtqhnwv2v,xch1g08g2u5rnypqa23wvcccn2ny7kqv5gvpx3hcsy437cjwe06chwkqckvur5
SyntHexizer #49,nft1hfzmkqadtdk98ufugts9ll8nw8v58njsadtarrgshgf5wusxmq7ssc6ua7,xch1g08g2u5rnypqa23wvcccn2ny7kqv5gvpx3hcsy437cjwe06chwkqckvur5
SyntHexizer #29,nft1gsnendzwuwuhfvre354p4lepza4u954efymye53nf8ez8f9ddjnsdxp6j2,xch1g08g2u5rnypqa23wvcccn2ny7kqv5gvpx3hcsy437cjwe06chwkqckvur5
SyntHexizer #48,nft1vdt4z5a2tcl8dvgwttn3y5ws8nd7geya2cvmrdk6wzyplh5acgvqxvzphn,xch1g08g2u5rnypqa23wvcccn2ny7kqv5gvpx3hcsy437cjwe06chwkqckvur5
SyntHexizer #21,nft150c0dspgaywg830yslqc0u509r9cvrtmgy7du4u789hrs6qqpaksgyhyy8,xch12fmytppz0lpc8m3azkzau00zx2saywfw8p6vvntwgngej494jm9qgpdp74
SyntHexizer #32,nft1wssgyhhduah3zrwycqazqcvk7wwrsqxmnstsxz3q7ffqe29kylusu5haz6,xch1g08g2u5rnypqa23wvcccn2ny7kqv5gvpx3hcsy437cjwe06chwkqckvur5
SyntHexizer #3,nft1d6dsgu4nk3cpjp252ukknapujsgxrtcrwntp2x7e9t87n5vz0spsthljwz,xch12fmytppz0lpc8m3azkzau00zx2saywfw8p6vvntwgngej494jm9qgpdp74
SyntHexizer #44,nft1nc8zjn74kngktks7th7q8scuumthl6m8tv4v498my9cnzhf5w66s3fv4xv,xch1g08g2u5rnypqa23wvcccn2ny7kqv5gvpx3hcsy437cjwe06chwkqckvur5
SyntHexizer #47,nft1wnehweae03pmr5r2f0jltx9zpqguttz737jlk267msgcna2fgfnqznuzvz,xch1g08g2u5rnypqa23wvcccn2ny7kqv5gvpx3hcsy437cjwe06chwkqckvur5
SyntHexizer #53,nft1lsuazc9u6j2890ax3w3h05j98h2stt7llxgcmqk2gs957u5t2krsd2cfta,xch1tjvwgn59s4x8wq69sva6c6rtptu9dpvyfcyz65wxusrgv8txlk7shwztpj
SyntHexizer #35,nft1h9qgd59dmesgc6ahngvmk9z9v8fls5jkeauwrws5d86lsff6zcwsv98hxz,xch1g08g2u5rnypqa23wvcccn2ny7kqv5gvpx3hcsy437cjwe06chwkqckvur5
SyntHexizer #25,nft1jjvylz9tm5jkxsq3c3yplpyqn9cnwp2ylhg8hr8rqdp4682hzhjq6cu8sn,xch12fmytppz0lpc8m3azkzau00zx2saywfw8p6vvntwgngej494jm9qgpdp74
SyntHexizer #15,nft1cztjpd32nh0tysdsxgt3pds4vtxqjl0a3jyz860x9a7qt66us4psdt2ccz,xch12fmytppz0lpc8m3azkzau00zx2saywfw8p6vvntwgngej494jm9qgpdp74
SyntHexizer #19,nft1yjvfyk00ugyl97klmu7eqx43h5esdnrjcfxjea6x57dwme84ar6q3u43ff,xch12fmytppz0lpc8m3azkzau00zx2saywfw8p6vvntwgngej494jm9qgpdp74
SyntHexizer #51,nft1ad6hghau8tq84gkjay35vyjn6reur4rqlx6ehkd3rdellzms28vqtrhc36,xch1tjvwgn59s4x8wq69sva6c6rtptu9dpvyfcyz65wxusrgv8txlk7shwztpj
SyntHexizer #50,nft1necx8fxcrx2z43maj2e7nkn7h29pjqydfz9nqaff6s4sjazqqsdsrw7z9q,xch1g08g2u5rnypqa23wvcccn2ny7kqv5gvpx3hcsy437cjwe06chwkqckvur5
SyntHexizer #17,nft1zzd0t855raerxmz0akajdxl502xvaygyw705t866y4udj48rau7qmfckxe,xch12fmytppz0lpc8m3azkzau00zx2saywfw8p6vvntwgngej494jm9qgpdp74
SyntHexizer #27,nft1czhgd8h3yxumvu95fkduhddyuy38cntvueu8dwuj50rjh5xgeqls79kwg2,xch1g08g2u5rnypqa23wvcccn2ny7kqv5gvpx3hcsy437cjwe06chwkqckvur5
